Observation id,Observation date,Description,Observation type,Source,Time offset (s),Coding duration,Media duration (s),FPS (frame/s),Subject,Observation duration by subject by observation,Behavior,Behavioral category,Behavior type,Start (s),Stop (s),Duration (s),Media file name,Image index start,Image index stop,Image file path start,Image file path stop,Comment start,Comment stop
oxy_1-250226-101914,2025-03-20 23:11:23.438,,Media file,player #1:C:/Users/niuni/Downloads/2_26_25_Oxytocin_Pilot-250226-103221/2_26_25_Oxytocin_Pilot-250226-103221/oxy_1-250226-101914/2_22_25_Oxytocin_Pilot-250222-082954_oxy_1-250226-101914_Cam1.avi,0.0,321.800,321.900,10.000,No focal subject,0.0,s1_Introduced,Not defined,POINT,0.000,0.000,NA,C:/Users/niuni/Downloads/2_26_25_Oxytocin_Pilot-250226-103221/2_26_25_Oxytocin_Pilot-250226-103221/oxy_1-250226-101914/2_22_25_Oxytocin_Pilot-250222-082954_oxy_1-250226-101914_Cam1.avi,0,0,,,,
oxy_1-250226-101914,2025-03-20 23:11:23.438,,Media file,player #1:C:/Users/niuni/Downloads/2_26_25_Oxytocin_Pilot-250226-103221/2_26_25_Oxytocin_Pilot-250226-103221/oxy_1-250226-101914/2_22_25_Oxytocin_Pilot-250222-082954_oxy_1-250226-101914_Cam1.avi,0.0,321.800,321.900,10.000,No focal subject,0.0,agent_Introduced,Not defined,POINT,126.500,126.500,NA,C:/Users/niuni/Downloads/2_26_25_Oxytocin_Pilot-250226-103221/2_26_25_Oxytocin_Pilot-250226-103221/oxy_1-250226-101914/2_22_25_Oxytocin_Pilot-250222-082954_oxy_1-250226-101914_Cam1.avi,1265,1265,,,,
oxy_1-250226-101914,2025-03-20 23:11:23.438,,Media file,player #1:C:/Users/niuni/Downloads/2_26_25_Oxytocin_Pilot-250226-103221/2_26_25_Oxytocin_Pilot-250226-103221/oxy_1-250226-101914/2_22_25_Oxytocin_Pilot-250222-082954_oxy_1-250226-101914_Cam1.avi,0.0,321.800,321.900,10.000,Subject,88.893,Investigation,Not defined,STATE,126.900,134.500,7.600,C:/Users/niuni/Downloads/2_26_25_Oxytocin_Pilot-250226-103221/2_26_25_Oxytocin_Pilot-250226-103221/oxy_1-250226-101914/2_22_25_Oxytocin_Pilot-250222-082954_oxy_1-250226-101914_Cam1.avi,1269,1345,,,,
oxy_1-250226-101914,2025-03-20 23:11:23.438,,Media file,player #1:C:/Users/niuni/Downloads/2_26_25_Oxytocin_Pilot-250226-103221/2_26_25_Oxytocin_Pilot-250226-103221/oxy_1-250226-101914/2_22_25_Oxytocin_Pilot-250222-082954_oxy_1-250226-101914_Cam1.avi,0.0,321.800,321.900,10.000,Novel,84.386,Investigation,Not defined,STATE,127.100,135.300,8.200,C:/Users/niuni/Downloads/2_26_25_Oxytocin_Pilot-250226-103221/2_26_25_Oxytocin_Pilot-250226-103221/oxy_1-250226-101914/2_22_25_Oxytocin_Pilot-250222-082954_oxy_1-250226-101914_Cam1.avi,1271,1353,,,,
oxy_1-250226-101914,2025-03-20 23:11:23.438,,Media file,player #1:C:/Users/niuni/Downloads/2_26_25_Oxytocin_Pilot-250226-103221/2_26_25_Oxytocin_Pilot-250226-103221/oxy_1-250226-101914/2_22_25_Oxytocin_Pilot-250222-082954_oxy_1-250226-101914_Cam1.avi,0.0,321.800,321.900,10.000,Subject,88.893,Investigation,Not defined,STATE,135.400,145.900,10.500,C:/Users/niuni/Downloads/2_26_25_Oxytocin_Pilot-250226-103221/2_26_25_Oxytocin_Pilot-250226-103221/oxy_1-250226-101914/2_22_25_Oxytocin_Pilot-250222-082954_oxy_1-250226-101914_Cam1.avi,1354,1459,,,,
oxy_1-250226-101914,2025-03-20 23:11:23.438,,Media file,player #1:C:/Users/niuni/Downloads/2_26_25_Oxytocin_Pilot-250226-103221/2_26_25_Oxytocin_Pilot-250226-103221/oxy_1-250226-101914/2_22_25_Oxytocin_Pilot-250222-082954_oxy_1-250226-101914_Cam1.avi,0.0,321.800,321.900,10.000,Novel,84.386,Investigation,Not defined,STATE,142.800,145.700,2.900,C:/Users/niuni/Downloads/2_26_25_Oxytocin_Pilot-250226-103221/2_26_25_Oxytocin_Pilot-250226-103221/oxy_1-250226-101914/2_22_25_Oxytocin_Pilot-250222-082954_oxy_1-250226-101914_Cam1.avi,1428,1457,,,,
oxy_1-250226-101914,2025-03-20 23:11:23.438,,Media file,player #1:C:/Users/niuni/Downloads/2_26_25_Oxytocin_Pilot-250226-103221/2_26_25_Oxytocin_Pilot-250226-103221/oxy_1-250226-101914/2_22_25_Oxytocin_Pilot-250222-082954_oxy_1-250226-101914_Cam1.avi,0.0,321.800,321.900,10.000,Subject,88.893,Approach,Not defined,STATE,147.500,151.399,3.899,C:/Users/niuni/Downloads/2_26_25_Oxytocin_Pilot-250226-103221/2_26_25_Oxytocin_Pilot-250226-103221/oxy_1-250226-101914/2_22_25_Oxytocin_Pilot-250222-082954_oxy_1-250226-101914_Cam1.avi,1475,NA,,,,
oxy_1-250226-101914,2025-03-20 23:11:23.438,,Media file,player #1:C:/Users/niuni/Downloads/2_26_25_Oxytocin_Pilot-250226-103221/2_26_25_Oxytocin_Pilot-250226-103221/oxy_1-250226-101914/2_22_25_Oxytocin_Pilot-250222-082954_oxy_1-250226-101914_Cam1.avi,0.0,321.800,321.900,10.000,Novel,84.386,Investigation,Not defined,STATE,150.800,152.100,1.300,C:/Users/niuni/Downloads/2_26_25_Oxytocin_Pilot-250226-103221/2_26_25_Oxytocin_Pilot-250226-103221/oxy_1-250226-101914/2_22_25_Oxytocin_Pilot-250222-082954_oxy_1-250226-101914_Cam1.avi,1508,1521,,,,
oxy_1-250226-101914,2025-03-20 23:11:23.438,,Media file,player #1:C:/Users/niuni/Downloads/2_26_25_Oxytocin_Pilot-250226-103221/2_26_25_Oxytocin_Pilot-250226-103221/oxy_1-250226-101914/2_22_25_Oxytocin_Pilot-250222-082954_oxy_1-250226-101914_Cam1.avi,0.0,321.800,321.900,10.000,Subject,88.893,Investigation,Not defined,STATE,151.400,152.200,0.800,C:/Users/niuni/Downloads/2_26_25_Oxytocin_Pilot-250226-103221/2_26_25_Oxytocin_Pilot-250226-103221/oxy_1-250226-101914/2_22_25_Oxytocin_Pilot-250222-082954_oxy_1-250226-101914_Cam1.avi,1514,1522,,,,
oxy_1-250226-101914,2025-03-20 23:11:23.438,,Media file,player #1:C:/Users/niuni/Downloads/2_26_25_Oxytocin_Pilot-250226-103221/2_26_25_Oxytocin_Pilot-250226-103221/oxy_1-250226-101914/2_22_25_Oxytocin_Pilot-250222-082954_oxy_1-250226-101914_Cam1.avi,0.0,321.800,321.900,10.000,Subject,88.893,Approach,Not defined,STATE,156.100,157.999,1.899,C:/Users/niuni/Downloads/2_26_25_Oxytocin_Pilot-250226-103221/2_26_25_Oxytocin_Pilot-250226-103221/oxy_1-250226-101914/2_22_25_Oxytocin_Pilot-250222-082954_oxy_1-250226-101914_Cam1.avi,1561,NA,,,,
oxy_1-250226-101914,2025-03-20 23:11:23.438,,Media file,player #1:C:/Users/niuni/Downloads/2_26_25_Oxytocin_Pilot-250226-103221/2_26_25_Oxytocin_Pilot-250226-103221/oxy_1-250226-101914/2_22_25_Oxytocin_Pilot-250222-082954_oxy_1-250226-101914_Cam1.avi,0.0,321.800,321.900,10.000,Subject,88.893,Investigation,Not defined,STATE,158.000,160.200,2.200,C:/Users/niuni/Downloads/2_26_25_Oxytocin_Pilot-250226-103221/2_26_25_Oxytocin_Pilot-250226-103221/oxy_1-250226-101914/2_22_25_Oxytocin_Pilot-250222-082954_oxy_1-250226-101914_Cam1.avi,1580,1602,,,,
oxy_1-250226-101914,2025-03-20 23:11:23.438,,Media file,player #1:C:/Users/niuni/Downloads/2_26_25_Oxytocin_Pilot-250226-103221/2_26_25_Oxytocin_Pilot-250226-103221/oxy_1-250226-101914/2_22_25_Oxytocin_Pilot-250222-082954_oxy_1-250226-101914_Cam1.avi,0.0,321.800,321.900,10.000,Novel,84.386,Investigation,Not defined,STATE,158.800,160.000,1.200,C:/Users/niuni/Downloads/2_26_25_Oxytocin_Pilot-250226-103221/2_26_25_Oxytocin_Pilot-250226-103221/oxy_1-250226-101914/2_22_25_Oxytocin_Pilot-250222-082954_oxy_1-250226-101914_Cam1.avi,1588,1600,,,,
oxy_1-250226-101914,2025-03-20 23:11:23.438,,Media file,player #1:C:/Users/niuni/Downloads/2_26_25_Oxytocin_Pilot-250226-103221/2_26_25_Oxytocin_Pilot-250226-103221/oxy_1-250226-101914/2_22_25_Oxytocin_Pilot-250222-082954_oxy_1-250226-101914_Cam1.avi,0.0,321.800,321.900,10.000,Novel,84.386,Approach,Not defined,STATE,162.800,163.999,1.199,C:/Users/niuni/Downloads/2_26_25_Oxytocin_Pilot-250226-103221/2_26_25_Oxytocin_Pilot-250226-103221/oxy_1-250226-101914/2_22_25_Oxytocin_Pilot-250222-082954_oxy_1-250226-101914_Cam1.avi,1628,NA,,,,
oxy_1-250226-101914,2025-03-20 23:11:23.438,,Media file,player #1:C:/Users/niuni/Downloads/2_26_25_Oxytocin_Pilot-250226-103221/2_26_25_Oxytocin_Pilot-250226-103221/oxy_1-250226-101914/2_22_25_Oxytocin_Pilot-250222-082954_oxy_1-250226-101914_Cam1.avi,0.0,321.800,321.900,10.000,Subject,88.893,Investigation,Not defined,STATE,163.700,165.300,1.600,C:/Users/niuni/Downloads/2_26_25_Oxytocin_Pilot-250226-103221/2_26_25_Oxytocin_Pilot-250226-103221/oxy_1-250226-101914/2_22_25_Oxytocin_Pilot-250222-082954_oxy_1-250226-101914_Cam1.avi,1637,1653,,,,
oxy_1-250226-101914,2025-03-20 23:11:23.438,,Media file,player #1:C:/Users/niuni/Downloads/2_26_25_Oxytocin_Pilot-250226-103221/2_26_25_Oxytocin_Pilot-250226-103221/oxy_1-250226-101914/2_22_25_Oxytocin_Pilot-250222-082954_oxy_1-250226-101914_Cam1.avi,0.0,321.800,321.900,10.000,Novel,84.386,Investigation,Not defined,STATE,164.000,165.100,1.100,C:/Users/niuni/Downloads/2_26_25_Oxytocin_Pilot-250226-103221/2_26_25_Oxytocin_Pilot-250226-103221/oxy_1-250226-101914/2_22_25_Oxytocin_Pilot-250222-082954_oxy_1-250226-101914_Cam1.avi,1640,1651,,,,
oxy_1-250226-101914,2025-03-20 23:11:23.438,,Media file,player #1:C:/Users/niuni/Downloads/2_26_25_Oxytocin_Pilot-250226-103221/2_26_25_Oxytocin_Pilot-250226-103221/oxy_1-250226-101914/2_22_25_Oxytocin_Pilot-250222-082954_oxy_1-250226-101914_Cam1.avi,0.0,321.800,321.900,10.000,Subject,88.893,Investigation,Not defined,STATE,166.900,168.900,2.000,C:/Users/niuni/Downloads/2_26_25_Oxytocin_Pilot-250226-103221/2_26_25_Oxytocin_Pilot-250226-103221/oxy_1-250226-101914/2_22_25_Oxytocin_Pilot-250222-082954_oxy_1-250226-101914_Cam1.avi,1669,1689,,,,
oxy_1-250226-101914,2025-03-20 23:11:23.438,,Media file,player #1:C:/Users/niuni/Downloads/2_26_25_Oxytocin_Pilot-250226-103221/2_26_25_Oxytocin_Pilot-250226-103221/oxy_1-250226-101914/2_22_25_Oxytocin_Pilot-250222-082954_oxy_1-250226-101914_Cam1.avi,0.0,321.800,321.900,10.000,Novel,84.386,Investigation,Not defined,STATE,167.100,168.500,1.400,C:/Users/niuni/Downloads/2_26_25_Oxytocin_Pilot-250226-103221/2_26_25_Oxytocin_Pilot-250226-103221/oxy_1-250226-101914/2_22_25_Oxytocin_Pilot-250222-082954_oxy_1-250226-101914_Cam1.avi,1671,1685,,,,
oxy_1-250226-101914,2025-03-20 23:11:23.438,,Media file,player #1:C:/Users/niuni/Downloads/2_26_25_Oxytocin_Pilot-250226-103221/2_26_25_Oxytocin_Pilot-250226-103221/oxy_1-250226-101914/2_22_25_Oxytocin_Pilot-250222-082954_oxy_1-250226-101914_Cam1.avi,0.0,321.800,321.900,10.000,Subject,88.893,Investigation,Not defined,STATE,169.500,181.300,11.800,C:/Users/niuni/Downloads/2_26_25_Oxytocin_Pilot-250226-103221/2_26_25_Oxytocin_Pilot-250226-103221/oxy_1-250226-101914/2_22_25_Oxytocin_Pilot-250222-082954_oxy_1-250226-101914_Cam1.avi,1695,1813,,,,
oxy_1-250226-101914,2025-03-20 23:11:23.438,,Media file,player #1:C:/Users/niuni/Downloads/2_26_25_Oxytocin_Pilot-250226-103221/2_26_25_Oxytocin_Pilot-250226-103221/oxy_1-250226-101914/2_22_25_Oxytocin_Pilot-250222-082954_oxy_1-250226-101914_Cam1.avi,0.0,321.800,321.900,10.000,Novel,84.386,Approach,Not defined,STATE,182.400,183.099,0.699,C:/Users/niuni/Downloads/2_26_25_Oxytocin_Pilot-250226-103221/2_26_25_Oxytocin_Pilot-250226-103221/oxy_1-250226-101914/2_22_25_Oxytocin_Pilot-250222-082954_oxy_1-250226-101914_Cam1.avi,1824,NA,,,,
oxy_1-250226-101914,2025-03-20 23:11:23.438,,Media file,player #1:C:/Users/niuni/Downloads/2_26_25_Oxytocin_Pilot-250226-103221/2_26_25_Oxytocin_Pilot-250226-103221/oxy_1-250226-101914/2_22_25_Oxytocin_Pilot-250222-082954_oxy_1-250226-101914_Cam1.avi,0.0,321.800,321.900,10.000,Novel,84.386,Investigation,Not defined,STATE,183.100,185.000,1.900,C:/Users/niuni/Downloads/2_26_25_Oxytocin_Pilot-250226-103221/2_26_25_Oxytocin_Pilot-250226-103221/oxy_1-250226-101914/2_22_25_Oxytocin_Pilot-250222-082954_oxy_1-250226-101914_Cam1.avi,1831,1850,,,,
oxy_1-250226-101914,2025-03-20 23:11:23.438,,Media file,player #1:C:/Users/niuni/Downloads/2_26_25_Oxytocin_Pilot-250226-103221/2_26_25_Oxytocin_Pilot-250226-103221/oxy_1-250226-101914/2_22_25_Oxytocin_Pilot-250222-082954_oxy_1-250226-101914_Cam1.avi,0.0,321.800,321.900,10.000,Subject,88.893,Investigation,Not defined,STATE,184.200,185.800,1.600,C:/Users/niuni/Downloads/2_26_25_Oxytocin_Pilot-250226-103221/2_26_25_Oxytocin_Pilot-250226-103221/oxy_1-250226-101914/2_22_25_Oxytocin_Pilot-250222-082954_oxy_1-250226-101914_Cam1.avi,1842,1858,,,,
oxy_1-250226-101914,2025-03-20 23:11:23.438,,Media file,player #1:C:/Users/niuni/Downloads/2_26_25_Oxytocin_Pilot-250226-103221/2_26_25_Oxytocin_Pilot-250226-103221/oxy_1-250226-101914/2_22_25_Oxytocin_Pilot-250222-082954_oxy_1-250226-101914_Cam1.avi,0.0,321.800,321.900,10.000,Subject,88.893,Investigation,Not defined,STATE,186.800,189.300,2.500,C:/Users/niuni/Downloads/2_26_25_Oxytocin_Pilot-250226-103221/2_26_25_Oxytocin_Pilot-250226-103221/oxy_1-250226-101914/2_22_25_Oxytocin_Pilot-250222-082954_oxy_1-250226-101914_Cam1.avi,1868,1893,,,,
oxy_1-250226-101914,2025-03-20 23:11:23.438,,Media file,player #1:C:/Users/niuni/Downloads/2_26_25_Oxytocin_Pilot-250226-103221/2_26_25_Oxytocin_Pilot-250226-103221/oxy_1-250226-101914/2_22_25_Oxytocin_Pilot-250222-082954_oxy_1-250226-101914_Cam1.avi,0.0,321.800,321.900,10.000,Novel,84.386,Investigation,Not defined,STATE,189.800,192.100,2.300,C:/Users/niuni/Downloads/2_26_25_Oxytocin_Pilot-250226-103221/2_26_25_Oxytocin_Pilot-250226-103221/oxy_1-250226-101914/2_22_25_Oxytocin_Pilot-250222-082954_oxy_1-250226-101914_Cam1.avi,1899,1921,,,,
oxy_1-250226-101914,2025-03-20 23:11:23.438,,Media file,player #1:C:/Users/niuni/Downloads/2_26_25_Oxytocin_Pilot-250226-103221/2_26_25_Oxytocin_Pilot-250226-103221/oxy_1-250226-101914/2_22_25_Oxytocin_Pilot-250222-082954_oxy_1-250226-101914_Cam1.avi,0.0,321.800,321.900,10.000,Subject,88.893,Investigation,Not defined,STATE,190.500,191.700,1.200,C:/Users/niuni/Downloads/2_26_25_Oxytocin_Pilot-250226-103221/2_26_25_Oxytocin_Pilot-250226-103221/oxy_1-250226-101914/2_22_25_Oxytocin_Pilot-250222-082954_oxy_1-250226-101914_Cam1.avi,1905,1917,,,,
oxy_1-250226-101914,2025-03-20 23:11:23.438,,Media file,player #1:C:/Users/niuni/Downloads/2_26_25_Oxytocin_Pilot-250226-103221/2_26_25_Oxytocin_Pilot-250226-103221/oxy_1-250226-101914/2_22_25_Oxytocin_Pilot-250222-082954_oxy_1-250226-101914_Cam1.avi,0.0,321.800,321.900,10.000,Subject,88.893,Approach,Not defined,STATE,194.000,197.099,3.099,C:/Users/niuni/Downloads/2_26_25_Oxytocin_Pilot-250226-103221/2_26_25_Oxytocin_Pilot-250226-103221/oxy_1-250226-101914/2_22_25_Oxytocin_Pilot-250222-082954_oxy_1-250226-101914_Cam1.avi,1940,NA,,,,
oxy_1-250226-101914,2025-03-20 23:11:23.438,,Media file,player #1:C:/Users/niuni/Downloads/2_26_25_Oxytocin_Pilot-250226-103221/2_26_25_Oxytocin_Pilot-250226-103221/oxy_1-250226-101914/2_22_25_Oxytocin_Pilot-250222-082954_oxy_1-250226-101914_Cam1.avi,0.0,321.800,321.900,10.000,Subject,88.893,Investigation,Not defined,STATE,197.100,200.300,3.200,C:/Users/niuni/Downloads/2_26_25_Oxytocin_Pilot-250226-103221/2_26_25_Oxytocin_Pilot-250226-103221/oxy_1-250226-101914/2_22_25_Oxytocin_Pilot-250222-082954_oxy_1-250226-101914_Cam1.avi,1971,2003,,,,
oxy_1-250226-101914,2025-03-20 23:11:23.438,,Media file,player #1:C:/Users/niuni/Downloads/2_26_25_Oxytocin_Pilot-250226-103221/2_26_25_Oxytocin_Pilot-250226-103221/oxy_1-250226-101914/2_22_25_Oxytocin_Pilot-250222-082954_oxy_1-250226-101914_Cam1.avi,0.0,321.800,321.900,10.000,Novel,84.386,Investigation,Not defined,STATE,198.500,200.200,1.700,C:/Users/niuni/Downloads/2_26_25_Oxytocin_Pilot-250226-103221/2_26_25_Oxytocin_Pilot-250226-103221/oxy_1-250226-101914/2_22_25_Oxytocin_Pilot-250222-082954_oxy_1-250226-101914_Cam1.avi,1985,2002,,,,
oxy_1-250226-101914,2025-03-20 23:11:23.438,,Media file,player #1:C:/Users/niuni/Downloads/2_26_25_Oxytocin_Pilot-250226-103221/2_26_25_Oxytocin_Pilot-250226-103221/oxy_1-250226-101914/2_22_25_Oxytocin_Pilot-250222-082954_oxy_1-250226-101914_Cam1.avi,0.0,321.800,321.900,10.000,Novel,84.386,Investigation,Not defined,STATE,200.900,208.400,7.500,C:/Users/niuni/Downloads/2_26_25_Oxytocin_Pilot-250226-103221/2_26_25_Oxytocin_Pilot-250226-103221/oxy_1-250226-101914/2_22_25_Oxytocin_Pilot-250222-082954_oxy_1-250226-101914_Cam1.avi,2010,2084,,,,
oxy_1-250226-101914,2025-03-20 23:11:23.438,,Media file,player #1:C:/Users/niuni/Downloads/2_26_25_Oxytocin_Pilot-250226-103221/2_26_25_Oxytocin_Pilot-250226-103221/oxy_1-250226-101914/2_22_25_Oxytocin_Pilot-250222-082954_oxy_1-250226-101914_Cam1.avi,0.0,321.800,321.900,10.000,Subject,88.893,Investigation,Not defined,STATE,205.500,206.100,0.600,C:/Users/niuni/Downloads/2_26_25_Oxytocin_Pilot-250226-103221/2_26_25_Oxytocin_Pilot-250226-103221/oxy_1-250226-101914/2_22_25_Oxytocin_Pilot-250222-082954_oxy_1-250226-101914_Cam1.avi,2055,2061,,,,
oxy_1-250226-101914,2025-03-20 23:11:23.438,,Media file,player #1:C:/Users/niuni/Downloads/2_26_25_Oxytocin_Pilot-250226-103221/2_26_25_Oxytocin_Pilot-250226-103221/oxy_1-250226-101914/2_22_25_Oxytocin_Pilot-250222-082954_oxy_1-250226-101914_Cam1.avi,0.0,321.800,321.900,10.000,Subject,88.893,Investigation,Not defined,STATE,207.500,208.400,0.900,C:/Users/niuni/Downloads/2_26_25_Oxytocin_Pilot-250226-103221/2_26_25_Oxytocin_Pilot-250226-103221/oxy_1-250226-101914/2_22_25_Oxytocin_Pilot-250222-082954_oxy_1-250226-101914_Cam1.avi,2075,2084,,,,
oxy_1-250226-101914,2025-03-20 23:11:23.438,,Media file,player #1:C:/Users/niuni/Downloads/2_26_25_Oxytocin_Pilot-250226-103221/2_26_25_Oxytocin_Pilot-250226-103221/oxy_1-250226-101914/2_22_25_Oxytocin_Pilot-250222-082954_oxy_1-250226-101914_Cam1.avi,0.0,321.800,321.900,10.000,Subject,88.893,Approach,Not defined,STATE,211.500,212.400,0.900,C:/Users/niuni/Downloads/2_26_25_Oxytocin_Pilot-250226-103221/2_26_25_Oxytocin_Pilot-250226-103221/oxy_1-250226-101914/2_22_25_Oxytocin_Pilot-250222-082954_oxy_1-250226-101914_Cam1.avi,2115,2124,,,,
oxy_1-250226-101914,2025-03-20 23:11:23.438,,Media file,player #1:C:/Users/niuni/Downloads/2_26_25_Oxytocin_Pilot-250226-103221/2_26_25_Oxytocin_Pilot-250226-103221/oxy_1-250226-101914/2_22_25_Oxytocin_Pilot-250222-082954_oxy_1-250226-101914_Cam1.avi,0.0,321.800,321.900,10.000,Novel,84.386,Approach,Not defined,STATE,214.900,215.799,0.899,C:/Users/niuni/Downloads/2_26_25_Oxytocin_Pilot-250226-103221/2_26_25_Oxytocin_Pilot-250226-103221/oxy_1-250226-101914/2_22_25_Oxytocin_Pilot-250222-082954_oxy_1-250226-101914_Cam1.avi,2149,NA,,,,
oxy_1-250226-101914,2025-03-20 23:11:23.438,,Media file,player #1:C:/Users/niuni/Downloads/2_26_25_Oxytocin_Pilot-250226-103221/2_26_25_Oxytocin_Pilot-250226-103221/oxy_1-250226-101914/2_22_25_Oxytocin_Pilot-250222-082954_oxy_1-250226-101914_Cam1.avi,0.0,321.800,321.900,10.000,Novel,84.386,Investigation,Not defined,STATE,215.800,221.000,5.200,C:/Users/niuni/Downloads/2_26_25_Oxytocin_Pilot-250226-103221/2_26_25_Oxytocin_Pilot-250226-103221/oxy_1-250226-101914/2_22_25_Oxytocin_Pilot-250222-082954_oxy_1-250226-101914_Cam1.avi,2158,2210,,,,
oxy_1-250226-101914,2025-03-20 23:11:23.438,,Media file,player #1:C:/Users/niuni/Downloads/2_26_25_Oxytocin_Pilot-250226-103221/2_26_25_Oxytocin_Pilot-250226-103221/oxy_1-250226-101914/2_22_25_Oxytocin_Pilot-250222-082954_oxy_1-250226-101914_Cam1.avi,0.0,321.800,321.900,10.000,Subject,88.893,Investigation,Not defined,STATE,216.200,220.400,4.200,C:/Users/niuni/Downloads/2_26_25_Oxytocin_Pilot-250226-103221/2_26_25_Oxytocin_Pilot-250226-103221/oxy_1-250226-101914/2_22_25_Oxytocin_Pilot-250222-082954_oxy_1-250226-101914_Cam1.avi,2162,2204,,,,
oxy_1-250226-101914,2025-03-20 23:11:23.438,,Media file,player #1:C:/Users/niuni/Downloads/2_26_25_Oxytocin_Pilot-250226-103221/2_26_25_Oxytocin_Pilot-250226-103221/oxy_1-250226-101914/2_22_25_Oxytocin_Pilot-250222-082954_oxy_1-250226-101914_Cam1.avi,0.0,321.800,321.900,10.000,Novel,84.386,Approach,Not defined,STATE,224.000,224.999,0.999,C:/Users/niuni/Downloads/2_26_25_Oxytocin_Pilot-250226-103221/2_26_25_Oxytocin_Pilot-250226-103221/oxy_1-250226-101914/2_22_25_Oxytocin_Pilot-250222-082954_oxy_1-250226-101914_Cam1.avi,2240,NA,,,,
oxy_1-250226-101914,2025-03-20 23:11:23.438,,Media file,player #1:C:/Users/niuni/Downloads/2_26_25_Oxytocin_Pilot-250226-103221/2_26_25_Oxytocin_Pilot-250226-103221/oxy_1-250226-101914/2_22_25_Oxytocin_Pilot-250222-082954_oxy_1-250226-101914_Cam1.avi,0.0,321.800,321.900,10.000,Novel,84.386,Investigation,Not defined,STATE,225.000,227.100,2.100,C:/Users/niuni/Downloads/2_26_25_Oxytocin_Pilot-250226-103221/2_26_25_Oxytocin_Pilot-250226-103221/oxy_1-250226-101914/2_22_25_Oxytocin_Pilot-250222-082954_oxy_1-250226-101914_Cam1.avi,2250,2271,,,,
oxy_1-250226-101914,2025-03-20 23:11:23.438,,Media file,player #1:C:/Users/niuni/Downloads/2_26_25_Oxytocin_Pilot-250226-103221/2_26_25_Oxytocin_Pilot-250226-103221/oxy_1-250226-101914/2_22_25_Oxytocin_Pilot-250222-082954_oxy_1-250226-101914_Cam1.avi,0.0,321.800,321.900,10.000,Novel,84.386,Approach,Not defined,STATE,228.200,229.099,0.899,C:/Users/niuni/Downloads/2_26_25_Oxytocin_Pilot-250226-103221/2_26_25_Oxytocin_Pilot-250226-103221/oxy_1-250226-101914/2_22_25_Oxytocin_Pilot-250222-082954_oxy_1-250226-101914_Cam1.avi,2282,NA,,,,
oxy_1-250226-101914,2025-03-20 23:11:23.438,,Media file,player #1:C:/Users/niuni/Downloads/2_26_25_Oxytocin_Pilot-250226-103221/2_26_25_Oxytocin_Pilot-250226-103221/oxy_1-250226-101914/2_22_25_Oxytocin_Pilot-250222-082954_oxy_1-250226-101914_Cam1.avi,0.0,321.800,321.900,10.000,Novel,84.386,Investigation,Not defined,STATE,229.100,232.000,2.900,C:/Users/niuni/Downloads/2_26_25_Oxytocin_Pilot-250226-103221/2_26_25_Oxytocin_Pilot-250226-103221/oxy_1-250226-101914/2_22_25_Oxytocin_Pilot-250222-082954_oxy_1-250226-101914_Cam1.avi,2291,2320,,,,
oxy_1-250226-101914,2025-03-20 23:11:23.438,,Media file,player #1:C:/Users/niuni/Downloads/2_26_25_Oxytocin_Pilot-250226-103221/2_26_25_Oxytocin_Pilot-250226-103221/oxy_1-250226-101914/2_22_25_Oxytocin_Pilot-250222-082954_oxy_1-250226-101914_Cam1.avi,0.0,321.800,321.900,10.000,Subject,88.893,Investigation,Not defined,STATE,231.600,232.100,0.500,C:/Users/niuni/Downloads/2_26_25_Oxytocin_Pilot-250226-103221/2_26_25_Oxytocin_Pilot-250226-103221/oxy_1-250226-101914/2_22_25_Oxytocin_Pilot-250222-082954_oxy_1-250226-101914_Cam1.avi,2316,2321,,,,
oxy_1-250226-101914,2025-03-20 23:11:23.438,,Media file,player #1:C:/Users/niuni/Downloads/2_26_25_Oxytocin_Pilot-250226-103221/2_26_25_Oxytocin_Pilot-250226-103221/oxy_1-250226-101914/2_22_25_Oxytocin_Pilot-250222-082954_oxy_1-250226-101914_Cam1.avi,0.0,321.800,321.900,10.000,Novel,84.386,Approach,Not defined,STATE,235.500,238.199,2.699,C:/Users/niuni/Downloads/2_26_25_Oxytocin_Pilot-250226-103221/2_26_25_Oxytocin_Pilot-250226-103221/oxy_1-250226-101914/2_22_25_Oxytocin_Pilot-250222-082954_oxy_1-250226-101914_Cam1.avi,2355,NA,,,,
oxy_1-250226-101914,2025-03-20 23:11:23.438,,Media file,player #1:C:/Users/niuni/Downloads/2_26_25_Oxytocin_Pilot-250226-103221/2_26_25_Oxytocin_Pilot-250226-103221/oxy_1-250226-101914/2_22_25_Oxytocin_Pilot-250222-082954_oxy_1-250226-101914_Cam1.avi,0.0,321.800,321.900,10.000,Subject,88.893,Approach,Not defined,STATE,235.900,237.799,1.899,C:/Users/niuni/Downloads/2_26_25_Oxytocin_Pilot-250226-103221/2_26_25_Oxytocin_Pilot-250226-103221/oxy_1-250226-101914/2_22_25_Oxytocin_Pilot-250222-082954_oxy_1-250226-101914_Cam1.avi,2359,NA,,,,
oxy_1-250226-101914,2025-03-20 23:11:23.438,,Media file,player #1:C:/Users/niuni/Downloads/2_26_25_Oxytocin_Pilot-250226-103221/2_26_25_Oxytocin_Pilot-250226-103221/oxy_1-250226-101914/2_22_25_Oxytocin_Pilot-250222-082954_oxy_1-250226-101914_Cam1.avi,0.0,321.800,321.900,10.000,Subject,88.893,Investigation,Not defined,STATE,237.800,238.700,0.900,C:/Users/niuni/Downloads/2_26_25_Oxytocin_Pilot-250226-103221/2_26_25_Oxytocin_Pilot-250226-103221/oxy_1-250226-101914/2_22_25_Oxytocin_Pilot-250222-082954_oxy_1-250226-101914_Cam1.avi,2378,2387,,,,
oxy_1-250226-101914,2025-03-20 23:11:23.438,,Media file,player #1:C:/Users/niuni/Downloads/2_26_25_Oxytocin_Pilot-250226-103221/2_26_25_Oxytocin_Pilot-250226-103221/oxy_1-250226-101914/2_22_25_Oxytocin_Pilot-250222-082954_oxy_1-250226-101914_Cam1.avi,0.0,321.800,321.900,10.000,Novel,84.386,Investigation,Not defined,STATE,238.200,239.200,1.000,C:/Users/niuni/Downloads/2_26_25_Oxytocin_Pilot-250226-103221/2_26_25_Oxytocin_Pilot-250226-103221/oxy_1-250226-101914/2_22_25_Oxytocin_Pilot-250222-082954_oxy_1-250226-101914_Cam1.avi,2382,2392,,,,
oxy_1-250226-101914,2025-03-20 23:11:23.438,,Media file,player #1:C:/Users/niuni/Downloads/2_26_25_Oxytocin_Pilot-250226-103221/2_26_25_Oxytocin_Pilot-250226-103221/oxy_1-250226-101914/2_22_25_Oxytocin_Pilot-250222-082954_oxy_1-250226-101914_Cam1.avi,0.0,321.800,321.900,10.000,Novel,84.386,Approach,Not defined,STATE,251.600,252.700,1.100,C:/Users/niuni/Downloads/2_26_25_Oxytocin_Pilot-250226-103221/2_26_25_Oxytocin_Pilot-250226-103221/oxy_1-250226-101914/2_22_25_Oxytocin_Pilot-250222-082954_oxy_1-250226-101914_Cam1.avi,2516,2527,,,,
oxy_1-250226-101914,2025-03-20 23:11:23.438,,Media file,player #1:C:/Users/niuni/Downloads/2_26_25_Oxytocin_Pilot-250226-103221/2_26_25_Oxytocin_Pilot-250226-103221/oxy_1-250226-101914/2_22_25_Oxytocin_Pilot-250222-082954_oxy_1-250226-101914_Cam1.avi,0.0,321.800,321.900,10.000,Subject,88.893,Investigation,Not defined,STATE,253.200,257.000,3.800,C:/Users/niuni/Downloads/2_26_25_Oxytocin_Pilot-250226-103221/2_26_25_Oxytocin_Pilot-250226-103221/oxy_1-250226-101914/2_22_25_Oxytocin_Pilot-250222-082954_oxy_1-250226-101914_Cam1.avi,2532,2570,,,,
oxy_1-250226-101914,2025-03-20 23:11:23.438,,Media file,player #1:C:/Users/niuni/Downloads/2_26_25_Oxytocin_Pilot-250226-103221/2_26_25_Oxytocin_Pilot-250226-103221/oxy_1-250226-101914/2_22_25_Oxytocin_Pilot-250222-082954_oxy_1-250226-101914_Cam1.avi,0.0,321.800,321.900,10.000,Novel,84.386,Investigation,Not defined,STATE,255.700,257.200,1.500,C:/Users/niuni/Downloads/2_26_25_Oxytocin_Pilot-250226-103221/2_26_25_Oxytocin_Pilot-250226-103221/oxy_1-250226-101914/2_22_25_Oxytocin_Pilot-250222-082954_oxy_1-250226-101914_Cam1.avi,2557,2572,,,,
oxy_1-250226-101914,2025-03-20 23:11:23.438,,Media file,player #1:C:/Users/niuni/Downloads/2_26_25_Oxytocin_Pilot-250226-103221/2_26_25_Oxytocin_Pilot-250226-103221/oxy_1-250226-101914/2_22_25_Oxytocin_Pilot-250222-082954_oxy_1-250226-101914_Cam1.avi,0.0,321.800,321.900,10.000,Novel,84.386,Approach,Not defined,STATE,260.300,261.099,0.799,C:/Users/niuni/Downloads/2_26_25_Oxytocin_Pilot-250226-103221/2_26_25_Oxytocin_Pilot-250226-103221/oxy_1-250226-101914/2_22_25_Oxytocin_Pilot-250222-082954_oxy_1-250226-101914_Cam1.avi,2603,NA,,,,
oxy_1-250226-101914,2025-03-20 23:11:23.438,,Media file,player #1:C:/Users/niuni/Downloads/2_26_25_Oxytocin_Pilot-250226-103221/2_26_25_Oxytocin_Pilot-250226-103221/oxy_1-250226-101914/2_22_25_Oxytocin_Pilot-250222-082954_oxy_1-250226-101914_Cam1.avi,0.0,321.800,321.900,10.000,Subject,88.893,Approach,Not defined,STATE,260.500,261.099,0.599,C:/Users/niuni/Downloads/2_26_25_Oxytocin_Pilot-250226-103221/2_26_25_Oxytocin_Pilot-250226-103221/oxy_1-250226-101914/2_22_25_Oxytocin_Pilot-250222-082954_oxy_1-250226-101914_Cam1.avi,2605,NA,,,,
oxy_1-250226-101914,2025-03-20 23:11:23.438,,Media file,player #1:C:/Users/niuni/Downloads/2_26_25_Oxytocin_Pilot-250226-103221/2_26_25_Oxytocin_Pilot-250226-103221/oxy_1-250226-101914/2_22_25_Oxytocin_Pilot-250222-082954_oxy_1-250226-101914_Cam1.avi,0.0,321.800,321.900,10.000,Novel,84.386,Investigation,Not defined,STATE,261.100,262.000,0.900,C:/Users/niuni/Downloads/2_26_25_Oxytocin_Pilot-250226-103221/2_26_25_Oxytocin_Pilot-250226-103221/oxy_1-250226-101914/2_22_25_Oxytocin_Pilot-250222-082954_oxy_1-250226-101914_Cam1.avi,2611,2620,,,,
oxy_1-250226-101914,2025-03-20 23:11:23.438,,Media file,player #1:C:/Users/niuni/Downloads/2_26_25_Oxytocin_Pilot-250226-103221/2_26_25_Oxytocin_Pilot-250226-103221/oxy_1-250226-101914/2_22_25_Oxytocin_Pilot-250222-082954_oxy_1-250226-101914_Cam1.avi,0.0,321.800,321.900,10.000,Subject,88.893,Investigation,Not defined,STATE,261.100,262.000,0.900,C:/Users/niuni/Downloads/2_26_25_Oxytocin_Pilot-250226-103221/2_26_25_Oxytocin_Pilot-250226-103221/oxy_1-250226-101914/2_22_25_Oxytocin_Pilot-250222-082954_oxy_1-250226-101914_Cam1.avi,2611,2620,,,,
oxy_1-250226-101914,2025-03-20 23:11:23.438,,Media file,player #1:C:/Users/niuni/Downloads/2_26_25_Oxytocin_Pilot-250226-103221/2_26_25_Oxytocin_Pilot-250226-103221/oxy_1-250226-101914/2_22_25_Oxytocin_Pilot-250222-082954_oxy_1-250226-101914_Cam1.avi,0.0,321.800,321.900,10.000,Novel,84.386,Approach,Not defined,STATE,264.300,269.099,4.799,C:/Users/niuni/Downloads/2_26_25_Oxytocin_Pilot-250226-103221/2_26_25_Oxytocin_Pilot-250226-103221/oxy_1-250226-101914/2_22_25_Oxytocin_Pilot-250222-082954_oxy_1-250226-101914_Cam1.avi,2643,NA,,,,
oxy_1-250226-101914,2025-03-20 23:11:23.438,,Media file,player #1:C:/Users/niuni/Downloads/2_26_25_Oxytocin_Pilot-250226-103221/2_26_25_Oxytocin_Pilot-250226-103221/oxy_1-250226-101914/2_22_25_Oxytocin_Pilot-250222-082954_oxy_1-250226-101914_Cam1.avi,0.0,321.800,321.900,10.000,Novel,84.386,Investigation,Not defined,STATE,269.100,271.800,2.700,C:/Users/niuni/Downloads/2_26_25_Oxytocin_Pilot-250226-103221/2_26_25_Oxytocin_Pilot-250226-103221/oxy_1-250226-101914/2_22_25_Oxytocin_Pilot-250222-082954_oxy_1-250226-101914_Cam1.avi,2691,2718,,,,
oxy_1-250226-101914,2025-03-20 23:11:23.438,,Media file,player #1:C:/Users/niuni/Downloads/2_26_25_Oxytocin_Pilot-250226-103221/2_26_25_Oxytocin_Pilot-250226-103221/oxy_1-250226-101914/2_22_25_Oxytocin_Pilot-250222-082954_oxy_1-250226-101914_Cam1.avi,0.0,321.800,321.900,10.000,Subject,88.893,Investigation,Not defined,STATE,269.300,273.900,4.600,C:/Users/niuni/Downloads/2_26_25_Oxytocin_Pilot-250226-103221/2_26_25_Oxytocin_Pilot-250226-103221/oxy_1-250226-101914/2_22_25_Oxytocin_Pilot-250222-082954_oxy_1-250226-101914_Cam1.avi,2693,2739,,,,
oxy_1-250226-101914,2025-03-20 23:11:23.438,,Media file,player #1:C:/Users/niuni/Downloads/2_26_25_Oxytocin_Pilot-250226-103221/2_26_25_Oxytocin_Pilot-250226-103221/oxy_1-250226-101914/2_22_25_Oxytocin_Pilot-250222-082954_oxy_1-250226-101914_Cam1.avi,0.0,321.800,321.900,10.000,Novel,84.386,Approach,Not defined,STATE,277.500,278.699,1.199,C:/Users/niuni/Downloads/2_26_25_Oxytocin_Pilot-250226-103221/2_26_25_Oxytocin_Pilot-250226-103221/oxy_1-250226-101914/2_22_25_Oxytocin_Pilot-250222-082954_oxy_1-250226-101914_Cam1.avi,2775,NA,,,,
oxy_1-250226-101914,2025-03-20 23:11:23.438,,Media file,player #1:C:/Users/niuni/Downloads/2_26_25_Oxytocin_Pilot-250226-103221/2_26_25_Oxytocin_Pilot-250226-103221/oxy_1-250226-101914/2_22_25_Oxytocin_Pilot-250222-082954_oxy_1-250226-101914_Cam1.avi,0.0,321.800,321.900,10.000,Novel,84.386,Investigation,Not defined,STATE,278.700,280.500,1.800,C:/Users/niuni/Downloads/2_26_25_Oxytocin_Pilot-250226-103221/2_26_25_Oxytocin_Pilot-250226-103221/oxy_1-250226-101914/2_22_25_Oxytocin_Pilot-250222-082954_oxy_1-250226-101914_Cam1.avi,2787,2805,,,,
oxy_1-250226-101914,2025-03-20 23:11:23.438,,Media file,player #1:C:/Users/niuni/Downloads/2_26_25_Oxytocin_Pilot-250226-103221/2_26_25_Oxytocin_Pilot-250226-103221/oxy_1-250226-101914/2_22_25_Oxytocin_Pilot-250222-082954_oxy_1-250226-101914_Cam1.avi,0.0,321.800,321.900,10.000,Subject,88.893,Investigation,Not defined,STATE,278.900,285.700,6.800,C:/Users/niuni/Downloads/2_26_25_Oxytocin_Pilot-250226-103221/2_26_25_Oxytocin_Pilot-250226-103221/oxy_1-250226-101914/2_22_25_Oxytocin_Pilot-250222-082954_oxy_1-250226-101914_Cam1.avi,2789,2857,,,,
oxy_1-250226-101914,2025-03-20 23:11:23.438,,Media file,player #1:C:/Users/niuni/Downloads/2_26_25_Oxytocin_Pilot-250226-103221/2_26_25_Oxytocin_Pilot-250226-103221/oxy_1-250226-101914/2_22_25_Oxytocin_Pilot-250222-082954_oxy_1-250226-101914_Cam1.avi,0.0,321.800,321.900,10.000,Novel,84.386,Investigation,Not defined,STATE,281.600,286.100,4.500,C:/Users/niuni/Downloads/2_26_25_Oxytocin_Pilot-250226-103221/2_26_25_Oxytocin_Pilot-250226-103221/oxy_1-250226-101914/2_22_25_Oxytocin_Pilot-250222-082954_oxy_1-250226-101914_Cam1.avi,2816,2861,,,,
oxy_1-250226-101914,2025-03-20 23:11:23.438,,Media file,player #1:C:/Users/niuni/Downloads/2_26_25_Oxytocin_Pilot-250226-103221/2_26_25_Oxytocin_Pilot-250226-103221/oxy_1-250226-101914/2_22_25_Oxytocin_Pilot-250222-082954_oxy_1-250226-101914_Cam1.avi,0.0,321.800,321.900,10.000,Novel,84.386,Approach,Not defined,STATE,289.500,290.099,0.599,C:/Users/niuni/Downloads/2_26_25_Oxytocin_Pilot-250226-103221/2_26_25_Oxytocin_Pilot-250226-103221/oxy_1-250226-101914/2_22_25_Oxytocin_Pilot-250222-082954_oxy_1-250226-101914_Cam1.avi,2895,NA,,,,
oxy_1-250226-101914,2025-03-20 23:11:23.438,,Media file,player #1:C:/Users/niuni/Downloads/2_26_25_Oxytocin_Pilot-250226-103221/2_26_25_Oxytocin_Pilot-250226-103221/oxy_1-250226-101914/2_22_25_Oxytocin_Pilot-250222-082954_oxy_1-250226-101914_Cam1.avi,0.0,321.800,321.900,10.000,Novel,84.386,Approach,Not defined,STATE,291.400,292.200,0.800,C:/Users/niuni/Downloads/2_26_25_Oxytocin_Pilot-250226-103221/2_26_25_Oxytocin_Pilot-250226-103221/oxy_1-250226-101914/2_22_25_Oxytocin_Pilot-250222-082954_oxy_1-250226-101914_Cam1.avi,2914,2922,,,,
oxy_1-250226-101914,2025-03-20 23:11:23.438,,Media file,player #1:C:/Users/niuni/Downloads/2_26_25_Oxytocin_Pilot-250226-103221/2_26_25_Oxytocin_Pilot-250226-103221/oxy_1-250226-101914/2_22_25_Oxytocin_Pilot-250222-082954_oxy_1-250226-101914_Cam1.avi,0.0,321.800,321.900,10.000,Novel,84.386,Approach,Not defined,STATE,296.500,299.000,2.500,C:/Users/niuni/Downloads/2_26_25_Oxytocin_Pilot-250226-103221/2_26_25_Oxytocin_Pilot-250226-103221/oxy_1-250226-101914/2_22_25_Oxytocin_Pilot-250222-082954_oxy_1-250226-101914_Cam1.avi,2966,2990,,,,
oxy_1-250226-101914,2025-03-20 23:11:23.438,,Media file,player #1:C:/Users/niuni/Downloads/2_26_25_Oxytocin_Pilot-250226-103221/2_26_25_Oxytocin_Pilot-250226-103221/oxy_1-250226-101914/2_22_25_Oxytocin_Pilot-250222-082954_oxy_1-250226-101914_Cam1.avi,0.0,321.800,321.900,10.000,Novel,84.386,Approach,Not defined,STATE,299.800,300.299,0.499,C:/Users/niuni/Downloads/2_26_25_Oxytocin_Pilot-250226-103221/2_26_25_Oxytocin_Pilot-250226-103221/oxy_1-250226-101914/2_22_25_Oxytocin_Pilot-250222-082954_oxy_1-250226-101914_Cam1.avi,2998,NA,,,,
oxy_1-250226-101914,2025-03-20 23:11:23.438,,Media file,player #1:C:/Users/niuni/Downloads/2_26_25_Oxytocin_Pilot-250226-103221/2_26_25_Oxytocin_Pilot-250226-103221/oxy_1-250226-101914/2_22_25_Oxytocin_Pilot-250222-082954_oxy_1-250226-101914_Cam1.avi,0.0,321.800,321.900,10.000,Novel,84.386,Investigation,Not defined,STATE,300.300,301.400,1.100,C:/Users/niuni/Downloads/2_26_25_Oxytocin_Pilot-250226-103221/2_26_25_Oxytocin_Pilot-250226-103221/oxy_1-250226-101914/2_22_25_Oxytocin_Pilot-250222-082954_oxy_1-250226-101914_Cam1.avi,3003,3014,,,,
oxy_1-250226-101914,2025-03-20 23:11:23.438,,Media file,player #1:C:/Users/niuni/Downloads/2_26_25_Oxytocin_Pilot-250226-103221/2_26_25_Oxytocin_Pilot-250226-103221/oxy_1-250226-101914/2_22_25_Oxytocin_Pilot-250222-082954_oxy_1-250226-101914_Cam1.avi,0.0,321.800,321.900,10.000,Subject,88.893,Investigation,Not defined,STATE,300.300,301.700,1.400,C:/Users/niuni/Downloads/2_26_25_Oxytocin_Pilot-250226-103221/2_26_25_Oxytocin_Pilot-250226-103221/oxy_1-250226-101914/2_22_25_Oxytocin_Pilot-250222-082954_oxy_1-250226-101914_Cam1.avi,3003,3017,,,,
oxy_1-250226-101914,2025-03-20 23:11:23.438,,Media file,player #1:C:/Users/niuni/Downloads/2_26_25_Oxytocin_Pilot-250226-103221/2_26_25_Oxytocin_Pilot-250226-103221/oxy_1-250226-101914/2_22_25_Oxytocin_Pilot-250222-082954_oxy_1-250226-101914_Cam1.avi,0.0,321.800,321.900,10.000,Novel,84.386,Approach,Not defined,STATE,304.600,306.599,1.999,C:/Users/niuni/Downloads/2_26_25_Oxytocin_Pilot-250226-103221/2_26_25_Oxytocin_Pilot-250226-103221/oxy_1-250226-101914/2_22_25_Oxytocin_Pilot-250222-082954_oxy_1-250226-101914_Cam1.avi,3046,NA,,,,
oxy_1-250226-101914,2025-03-20 23:11:23.438,,Media file,player #1:C:/Users/niuni/Downloads/2_26_25_Oxytocin_Pilot-250226-103221/2_26_25_Oxytocin_Pilot-250226-103221/oxy_1-250226-101914/2_22_25_Oxytocin_Pilot-250222-082954_oxy_1-250226-101914_Cam1.avi,0.0,321.800,321.900,10.000,Novel,84.386,Approach,Not defined,STATE,309.700,311.899,2.199,C:/Users/niuni/Downloads/2_26_25_Oxytocin_Pilot-250226-103221/2_26_25_Oxytocin_Pilot-250226-103221/oxy_1-250226-101914/2_22_25_Oxytocin_Pilot-250222-082954_oxy_1-250226-101914_Cam1.avi,3097,NA,,,,
oxy_1-250226-101914,2025-03-20 23:11:23.438,,Media file,player #1:C:/Users/niuni/Downloads/2_26_25_Oxytocin_Pilot-250226-103221/2_26_25_Oxytocin_Pilot-250226-103221/oxy_1-250226-101914/2_22_25_Oxytocin_Pilot-250222-082954_oxy_1-250226-101914_Cam1.avi,0.0,321.800,321.900,10.000,Subject,88.893,Approach,Not defined,STATE,310.900,311.699,0.799,C:/Users/niuni/Downloads/2_26_25_Oxytocin_Pilot-250226-103221/2_26_25_Oxytocin_Pilot-250226-103221/oxy_1-250226-101914/2_22_25_Oxytocin_Pilot-250222-082954_oxy_1-250226-101914_Cam1.avi,3109,NA,,,,
oxy_1-250226-101914,2025-03-20 23:11:23.438,,Media file,player #1:C:/Users/niuni/Downloads/2_26_25_Oxytocin_Pilot-250226-103221/2_26_25_Oxytocin_Pilot-250226-103221/oxy_1-250226-101914/2_22_25_Oxytocin_Pilot-250222-082954_oxy_1-250226-101914_Cam1.avi,0.0,321.800,321.900,10.000,Subject,88.893,Investigation,Not defined,STATE,311.700,314.400,2.700,C:/Users/niuni/Downloads/2_26_25_Oxytocin_Pilot-250226-103221/2_26_25_Oxytocin_Pilot-250226-103221/oxy_1-250226-101914/2_22_25_Oxytocin_Pilot-250222-082954_oxy_1-250226-101914_Cam1.avi,3118,3144,,,,
oxy_1-250226-101914,2025-03-20 23:11:23.438,,Media file,player #1:C:/Users/niuni/Downloads/2_26_25_Oxytocin_Pilot-250226-103221/2_26_25_Oxytocin_Pilot-250226-103221/oxy_1-250226-101914/2_22_25_Oxytocin_Pilot-250222-082954_oxy_1-250226-101914_Cam1.avi,0.0,321.800,321.900,10.000,Novel,84.386,Investigation,Not defined,STATE,311.900,312.800,0.900,C:/Users/niuni/Downloads/2_26_25_Oxytocin_Pilot-250226-103221/2_26_25_Oxytocin_Pilot-250226-103221/oxy_1-250226-101914/2_22_25_Oxytocin_Pilot-250222-082954_oxy_1-250226-101914_Cam1.avi,3119,3128,,,,
oxy_1-250226-101914,2025-03-20 23:11:23.438,,Media file,player #1:C:/Users/niuni/Downloads/2_26_25_Oxytocin_Pilot-250226-103221/2_26_25_Oxytocin_Pilot-250226-103221/oxy_1-250226-101914/2_22_25_Oxytocin_Pilot-250222-082954_oxy_1-250226-101914_Cam1.avi,0.0,321.800,321.900,10.000,Novel,84.386,Approach,Not defined,STATE,315.400,319.599,4.199,C:/Users/niuni/Downloads/2_26_25_Oxytocin_Pilot-250226-103221/2_26_25_Oxytocin_Pilot-250226-103221/oxy_1-250226-101914/2_22_25_Oxytocin_Pilot-250222-082954_oxy_1-250226-101914_Cam1.avi,3154,NA,,,,
oxy_1-250226-101914,2025-03-20 23:11:23.438,,Media file,player #1:C:/Users/niuni/Downloads/2_26_25_Oxytocin_Pilot-250226-103221/2_26_25_Oxytocin_Pilot-250226-103221/oxy_1-250226-101914/2_22_25_Oxytocin_Pilot-250222-082954_oxy_1-250226-101914_Cam1.avi,0.0,321.800,321.900,10.000,Subject,88.893,Approach,Not defined,STATE,318.300,319.199,0.899,C:/Users/niuni/Downloads/2_26_25_Oxytocin_Pilot-250226-103221/2_26_25_Oxytocin_Pilot-250226-103221/oxy_1-250226-101914/2_22_25_Oxytocin_Pilot-250222-082954_oxy_1-250226-101914_Cam1.avi,3183,NA,,,,
oxy_1-250226-101914,2025-03-20 23:11:23.438,,Media file,player #1:C:/Users/niuni/Downloads/2_26_25_Oxytocin_Pilot-250226-103221/2_26_25_Oxytocin_Pilot-250226-103221/oxy_1-250226-101914/2_22_25_Oxytocin_Pilot-250222-082954_oxy_1-250226-101914_Cam1.avi,0.0,321.800,321.900,10.000,Subject,88.893,Investigation,Not defined,STATE,319.200,321.800,2.600,C:/Users/niuni/Downloads/2_26_25_Oxytocin_Pilot-250226-103221/2_26_25_Oxytocin_Pilot-250226-103221/oxy_1-250226-101914/2_22_25_Oxytocin_Pilot-250222-082954_oxy_1-250226-101914_Cam1.avi,3192,3218,,,,
oxy_1-250226-101914,2025-03-20 23:11:23.438,,Media file,player #1:C:/Users/niuni/Downloads/2_26_25_Oxytocin_Pilot-250226-103221/2_26_25_Oxytocin_Pilot-250226-103221/oxy_1-250226-101914/2_22_25_Oxytocin_Pilot-250222-082954_oxy_1-250226-101914_Cam1.avi,0.0,321.800,321.900,10.000,Novel,84.386,Investigation,Not defined,STATE,319.600,321.800,2.200,C:/Users/niuni/Downloads/2_26_25_Oxytocin_Pilot-250226-103221/2_26_25_Oxytocin_Pilot-250226-103221/oxy_1-250226-101914/2_22_25_Oxytocin_Pilot-250222-082954_oxy_1-250226-101914_Cam1.avi,3196,3218,,,,
